Air Pollutants,NTL,NLST,NDVI
CO,0.05952221,0.46634887,-0.41956704
SO2,0.39865843,0.18486485,-0.22218461
NO2,0.36178843,0.27981485,-0.59046893
HCHO,0.11430383,0.39925157,-0.51383032
O3,-0.22468455,-0.00199974,0.05995712
